{
  "type" : "HTTP",
  "vendor" : "Citrix",
  "id" : "00000013-0000-0000-0000-000000000000",
  "title" : "SAP SuccessFactors Learning",
  "description" : "SAP SuccessFactors Learning",
  "iconUrl" : "https://iws-stage-global-cdn-endpoint.azureedge.net/microapps/assets/exported/SuccessFactors.833a1da8b80b77391f222cbc6210e98c.svg",
  "masVersion" : "1.28.11",
  "created" : "2020-09-25T08:22:35",
  "categories" : [ "INTERNAL_DEVELOPMENT" ],
  "supportsOAuthForActions" : false,
  "i18nLanguages" : [ "en" ],
  "apps" : [ {
    "uuid" : "bc9b361b-43e2-4af1-be45-18b24ec9500e",
    "title" : "Students",
    "numberOfEvents" : 0,
    "action" : true
  } ],
  "vaResolvers" : [ ],
  "tags" : [ ]
}