{
  "type" : "HTTP",
  "vendor" : "Citrix",
  "id" : "99f3b6f2-c702-4945-89c0-c3d4c55da891",
  "title" : "Workday (Notifications)",
  "description" : "Integrate with Workday to submit Time Off requests, Expenses and Change Job, receive notifications about the status change of a request, and act on notifications.",
  "iconUrl" : "https://ctx-ws-cdn.cloud.com/assets/microapps/exported/Workday.6802ebc5497a2243ad129bc04a3975ab.svg",
  "masVersion" : "1.35.1",
  "categories" : [ "WEB_SERVICES" ],
  "created" : "2020-10-16T15:41:06",
  "supportsOAuthForActions" : true,
  "i18nLanguages" : [ "de", "en", "es", "fr", "it", "ja", "nl", "pt-BR", "zh-CN" ],
  "apps" : [ {
    "uuid" : "1b8f6144-e1d6-47c8-9ded-b23c97ba220e",
    "title" : "Create Change Job",
    "numberOfEvents" : 0,
    "action" : true
  }, {
    "uuid" : "52671b79-90ab-426f-86e9-c5cf1b37a35a",
    "title" : "Create Expense Report",
    "numberOfEvents" : 0,
    "action" : true
  }, {
    "uuid" : "b9fefa11-b159-45aa-9683-6acbfa9ed3bd",
    "title" : "Time Off Requests",
    "numberOfEvents" : 1,
    "action" : true
  }, {
    "uuid" : "d4a99b23-8972-46cc-ba5f-33c7c89c4817",
    "title" : "Change Job",
    "numberOfEvents" : 1,
    "action" : true
  }, {
    "uuid" : "ee7ebb5c-2c27-4ca2-8ff9-3d79ae2ef774",
    "title" : "My Time Off Requests",
    "numberOfEvents" : 1,
    "action" : true
  }, {
    "uuid" : "f56ac3e4-8bd4-44fb-a890-e692258015a7",
    "title" : "Create Time Off Request",
    "numberOfEvents" : 0,
    "action" : true
  } ],
  "vaResolvers" : [ ],
    "tags" : [{
      "tag" : "helpUrl",
      "value" : "https://docs.citrix.com/en-us/citrix-microapps/set-up-template-integrations/integrate-workday.html"
    }]
  }
