{
  "type" : "DIP",
  "vendor" : "Citrix",
  "id" : "com.sapho.services.workday.pto.WorkdayRequestPtoService",
  "version" : "0.1.0",
  "title" : "Workday (Actions)",
  "description" : "Use integration in conjunction with Workday (Notifications) integration to enable Service Actions for requesting PTO",
  "iconUrl" : "https://ctx-ws-cdn.cloud.com/assets/microapps/exported/Workday.53a6fa429a68457228ca68adf0c387e6.svg",
  "masVersion" : "1.42.0-SNAPSHOT",
  "categories" : [ "WEB_SERVICES" ],
  "created" : "2020-11-11T17:26:33",
  "supportsOAuthForActions" : false,
  "i18nLanguages" : [ "en" ],
  "apps" : [ {
    "uuid" : "df26b4c9-0a69-4d14-bc0e-f1e7b0c78a91",
    "title" : "Create Time Off Request",
    "numberOfEvents" : 0,
    "action" : false
  } ],
  "vaResolvers" : [ ],
  "tags" : [ {
    "tag" : "helpUrl",
    "value" : "https://docs.citrix.com/en-us/citrix-microapps/set-up-template-integrations/integrate-workday.html"
  } ]
}
