{
  "type" : "DIP",
  "vendor" : "Citrix",
  "id" : "com.sapho.services.tableau.TableauService",
  "version" : "0.1.1",
  "title" : "Tableau",
  "description" : "Integrate with Tableau to provide easy access to projects, workbooks, and views without requiring extra logins.",
  "iconUrl" : "https://ctx-ws-cdn.cloud.com/assets/microapps/exported/Tableau.92c06ed6cd3bc47a9b856af0b1826a00.svg",
  "masVersion" : "1.30.3",
  "categories" : [ "WEB_SERVICES" ],
  "created" : "2020-10-05T09:33:29",
  "supportsOAuthForActions" : false,
  "i18nLanguages" : [ "de", "en", "es", "fr", "it", "ja", "nl", "pt-BR", "zh-CN" ],
  "apps" : [ {
    "uuid" : "71162da7-20fa-40e2-8994-649716d5ab41",
    "title" : "Reports",
    "numberOfEvents" : 2,
    "action" : true
  } ],
  "vaResolvers" : [ ],
  "tags" : [ {
    "tag" : "helpUrl",
    "value" : "https://docs.citrix.com/en-us/citrix-microapps/set-up-template-integrations/integrate-tableau.html"
  } ]
}