{
  "type" : "DIP",
  "vendor" : "Citrix",
  "id" : "com.sapho.services.salesforce.SalesforceService",
  "version" : "0.1.9",
  "title" : "Salesforce",
  "description" : "Integrate with Salesforce for anywhere access to leads, accounts, opportunities, cases, or contracts.",
  "iconUrl" : "https://ctx-ws-cdn.cloud.com/assets/microapps/exported/Salesforce.43b28006ce57d083904eaa95297a166d.svg",
  "masVersion" : "1.35.1",
  "categories" : [ "WEB_SERVICES" ],
  "created" : "2020-11-09T11:05:36",
  "supportsOAuthForActions" : true,
  "i18nLanguages" : [ "de", "en", "es", "fr", "it", "ja", "nl", "pt-BR", "zh-CN" ],
  "apps" : [ {
    "uuid" : "00adeef5-4342-4e4d-9d70-858cde65f71e",
    "title" : "Leads",
    "numberOfEvents" : 2,
    "action" : true
  }, {
    "uuid" : "08aadcef-64ef-4ee8-9e96-1653709bd898",
    "title" : "Contacts",
    "numberOfEvents" : 2,
    "action" : true
  }, {
    "uuid" : "1070d847-982b-48b9-a6a2-f4ee4db913fa",
    "title" : "Create Contract",
    "numberOfEvents" : 0,
    "action" : true
  }, {
    "uuid" : "1aec4f2e-a992-417d-8da2-4eefec657f2a",
    "title" : "Tasks",
    "numberOfEvents" : 1,
    "action" : true
  }, {
    "uuid" : "1b56ea6f-26b6-4d5f-bfde-a7d303616d6d",
    "title" : "Pending Account Approvals",
    "numberOfEvents" : 1,
    "action" : true
  }, {
    "uuid" : "32e3ea78-e5a0-4fa5-826a-a778ae493d20",
    "title" : "Accounts",
    "numberOfEvents" : 2,
    "action" : true
  }, {
    "uuid" : "388b3b6c-1d54-4e2f-8cd1-704c25f5a63a",
    "title" : "Create Task",
    "numberOfEvents" : 0,
    "action" : true
  }, {
    "uuid" : "3c94d71f-63d5-44d5-a1ec-dc843ee2ed1e",
    "title" : "Pending Contact Approvals",
    "numberOfEvents" : 1,
    "action" : true
  }, {
    "uuid" : "4bf8340e-68ed-4acd-86e5-0e22f17ca314",
    "title" : "Opportunities",
    "numberOfEvents" : 2,
    "action" : true
  }, {
    "uuid" : "582c8ef9-10f7-483a-8a6e-68bfc8481249",
    "title" : "Create Case",
    "numberOfEvents" : 0,
    "action" : true
  }, {
    "uuid" : "60312a1d-5122-46bf-8018-7c93ca00d993",
    "title" : "Contracts",
    "numberOfEvents" : 3,
    "action" : true
  }, {
    "uuid" : "7a42ab41-8eb5-4970-a714-9b16a0747b77",
    "title" : "Create Opportunity",
    "numberOfEvents" : 0,
    "action" : true
  }, {
    "uuid" : "801b3d56-c67c-43a8-a2e1-9959a37a9540",
    "title" : "Create Lead",
    "numberOfEvents" : 0,
    "action" : true
  }, {
    "uuid" : "9b384574-5e74-4d91-9a8e-3803f91a6b46",
    "title" : "Create Account",
    "numberOfEvents" : 0,
    "action" : true
  }, {
    "uuid" : "a5d8b044-5bff-479b-acb0-36847cf4a38d",
    "title" : "Pending Contract Approvals",
    "numberOfEvents" : 1,
    "action" : true
  }, {
    "uuid" : "aec889a4-e62f-457b-a744-00cbead96649",
    "title" : "Create Event",
    "numberOfEvents" : 0,
    "action" : true
  }, {
    "uuid" : "b8ac2e7d-d785-45ec-86c4-df2800f6e3ea",
    "title" : "Events",
    "numberOfEvents" : 1,
    "action" : true
  }, {
    "uuid" : "d24f2142-fcbd-44cb-865d-1c26138ee266",
    "title" : "Cases",
    "numberOfEvents" : 3,
    "action" : true
  }, {
    "uuid" : "e7901bb6-5002-43cf-a142-dc7e30603d60",
    "title" : "Create Contact",
    "numberOfEvents" : 0,
    "action" : true
  } ],
  "vaResolvers" : [ {
    "name" : "CRM Account Details",
    "intentName" : "CRM.Account.Details"
  }, {
    "name" : "CRM Account Lookup",
    "intentName" : "CRM.Account.Lookup"
  }, {
    "name" : "CRM Contract Details",
    "intentName" : "CRM.Contract.Details"
  }, {
    "name" : "CRM Contract Lookup",
    "intentName" : "CRM.Contract.Lookup"
  }, {
    "name" : "CRM Contract Question Status",
    "intentName" : "CRM.Contract.Question.Status"
  }, {
    "name" : "CRM Lead Details",
    "intentName" : "CRM.Lead.Details"
  }, {
    "name" : "CRM Lead Lookup",
    "intentName" : "CRM.Lead.Lookup"
  }, {
    "name" : "CRM Lead Question Source",
    "intentName" : "CRM.Lead.Question.Source"
  }, {
    "name" : "CRM Lead Question Status",
    "intentName" : "CRM.Lead.Question.Status"
  }, {
    "name" : "CRM Opportunity Details",
    "intentName" : "CRM.Opportunity.Details"
  }, {
    "name" : "CRM Opportunity Lookup",
    "intentName" : "CRM.Opportunity.Lookup"
  }, {
    "name" : "CRM Opportunity Question ModificationTime",
    "intentName" : "CRM.Opportunity.Question.ModificationTime"
  }, {
    "name" : "CRM Opportunity Question Owner",
    "intentName" : "CRM.Opportunity.Question.Owner"
  }, {
    "name" : "CRM Opportunity Question Stage",
    "intentName" : "CRM.Opportunity.Question.Stage"
  } ],
  "tags" : [ {
    "tag" : "helpUrl",
    "value" : "https://docs.citrix.com/en-us/citrix-microapps/set-up-template-integrations/integrate-salesforce.html"
  } ]
}
