{
  "type" : "DIP",
  "vendor" : "Citrix",
  "id" : "com.sapho.services.servicenow.ServiceNowService",
  "version" : "0.3.3",
  "title" : "ServiceNow",
  "description" : "Integrate with ServiceNow to submit and monitor requests, and take action from any device, intranet, or messenger.",
  "iconUrl" : "https://ctx-ws-cdn.cloud.com/assets/microapps/exported/ServiceNow.9a68dd66918b05acfbe29ac251e33a8d.svg",
  "masVersion" : "1.20.5",
  "categories" : ["LEGACY"],
  "created" : "2020-07-24T12:22:18",
  "supportsOAuthForActions" : true,
  "i18nLanguages" : [ "de", "en", "es", "fr", "it", "ja", "nl", "pt-BR", "zh-CN" ],
  "apps" : [ {
    "uuid" : "0d23e25d-8a23-48c4-aa91-4a318848e862",
    "title" : "Submit Delegate",
    "numberOfEvents" : 0,
    "action" : true
  }, {
    "uuid" : "2e767fc3-e8fe-4cc9-adb1-475c9938541d",
    "title" : "Approvals",
    "numberOfEvents" : 1,
    "action" : true
  }, {
    "uuid" : "2fc31ed4-29af-4010-892d-bf7690936893",
    "title" : "Submit Incident",
    "numberOfEvents" : 0,
    "action" : true
  }, {
    "uuid" : "5cd0206a-ab39-4393-8aaa-697bd24ac986",
    "title" : "Submit Catalog Request",
    "numberOfEvents" : 0,
    "action" : true
  }, {
    "uuid" : "754fff4d-1d06-48a5-8213-475690738821",
    "title" : "Problems",
    "numberOfEvents" : 4,
    "action" : true
  }, {
    "uuid" : "9648403f-82ce-41c6-aa59-db42df97d92c",
    "title" : "Submit Problem",
    "numberOfEvents" : 0,
    "action" : true
  }, {
    "uuid" : "98969f1e-c144-4516-a246-18fc7596a128",
    "title" : "Change Requests",
    "numberOfEvents" : 4,
    "action" : true
  }, {
    "uuid" : "d6311e66-e4fd-48ca-a8bf-5d2afef4809a",
    "title" : "Submit Change Request",
    "numberOfEvents" : 0,
    "action" : true
  }, {
    "uuid" : "dd8d791f-e0da-4b3b-bd9c-d25b8a7b8df5",
    "title" : "Incidents",
    "numberOfEvents" : 4,
    "action" : true
  } ],
  "vaResolvers" : [ {
    "name" : "ServiceDesk Details",
    "intentName" : "ServiceDesk.Details"
  }, {
    "name" : "ServiceDesk Details Change Request",
    "intentName" : "ServiceDesk.Details.ChangeRequest"
  }, {
    "name" : "ServiceDesk Details Incident",
    "intentName" : "ServiceDesk.Details.Incident"
  }, {
    "name" : "ServiceDesk Details Problem",
    "intentName" : "ServiceDesk.Details.Problem"
  }, {
    "name" : "ServiceDesk Lookup",
    "intentName" : "ServiceDesk.Lookup"
  }, {
    "name" : "ServiceDesk Lookup Change Request",
    "intentName" : "ServiceDesk.Lookup.ChangeRequest"
  }, {
    "name" : "ServiceDesk Lookup Incident",
    "intentName" : "ServiceDesk.Lookup.Incident"
  }, {
    "name" : "ServiceDesk Lookup Problem",
    "intentName" : "ServiceDesk.Lookup.Problem"
  } ],
  "tags" : [ {
    "tag" : "helpUrl",
    "value" : "https://docs.citrix.com/en-us/citrix-microapps/set-up-template-integrations/integrate-servicenow.html"
  } ]
}
