{
  "type" : "DIP",
  "vendor" : "Citrix",
  "id" : "com.sapho.services.jira.JiraService",
  "version" : "0.2.5",
  "title" : "JIRA",
  "description" : "Integrate with Jira to track issues and get automated updates about tasks on any device, intranet, or messenger.",
  "iconUrl" : "https://ctx-ws-cdn.cloud.com/assets/microapps/exported/JIRA.35cdd2008e8e83479745e5635da3d7f1.svg",
  "masVersion" : "1.38.0-SNAPSHOT",
  "categories" : [ "WEB_SERVICES" ],
  "created" : "2020-10-23T14:36:28",
  "supportsOAuthForActions" : true,
  "i18nLanguages" : [ "de", "en", "es", "fr", "it", "ja", "nl", "pt-BR", "zh-CN" ],
  "apps" : [ {
    "uuid" : "2183eb39-8ba8-4cc3-862b-50832cdcb44d",
    "title" : "Tickets",
    "numberOfEvents" : 9,
    "action" : true
  }, {
    "uuid" : "f3bb1af8-d635-4d4c-8ece-64c1facc3557",
    "title" : "Create Ticket",
    "numberOfEvents" : 0,
    "action" : true
  } ],
  "vaResolvers" : [ {
    "name" : "ServiceDesk Details",
    "intentName" : "ServiceDesk.Details"
  }, {
    "name" : "ServiceDesk Lookup",
    "intentName" : "ServiceDesk.Lookup"
  } ],
  "tags" : [ {
    "tag" : "helpUrl",
    "value" : "https://docs.citrix.com/en-us/citrix-microapps/set-up-template-integrations/integrate-jira.html"
  } ]
}
