{
  "type" : "DIP",
  "vendor" : "Citrix",
  "id" : "com.sapho.services.googleanalytics.GoogleAnalyticsService",
  "version" : "0.1.0",
  "title" : "Google Analytics",
  "description" : "Integrate with Google Analytics to monitor traffic via your configured microapps.",
  "iconUrl" : "https://ctx-ws-cdn.cloud.com/assets/microapps/exported/Google_Analytics.4c678d0ef84bf5453ca89619f226d968.svg",
  "masVersion" : "1.30.3",
  "categories" : [ "WEB_SERVICES" ],
  "created" : "2020-10-05T08:45:44",
  "supportsOAuthForActions" : false,
  "i18nLanguages" : [ "de", "en", "es", "fr", "it", "ja", "nl", "pt-BR", "zh-CN" ],
  "apps" : [ {
    "uuid" : "2cc99482-d9f7-4148-87bf-efc3b595791e",
    "title" : "User Metrics",
    "numberOfEvents" : 4,
    "action" : true
  }, {
    "uuid" : "43ee7ee5-c659-47e9-ae47-3b93ddac5163",
    "title" : "Sessions Metrics",
    "numberOfEvents" : 4,
    "action" : true
  } ],
  "vaResolvers" : [ ],
  "tags" : [ {
    "tag" : "helpUrl",
    "value" : "https://docs.citrix.com/en-us/citrix-microapps/set-up-template-integrations/integrate-google-analytics.html"
  } ]
}
