{
  "type" : "DIP",
  "vendor" : "Citrix",
  "id" : "com.sapho.services.rss.RssService",
  "version" : "0.2.1",
  "title" : "RSS",
  "description" : "",
  "iconUrl" : "https://ctx-ws-cdn.cloud.com/assets/microapps/exported/RSS.b2dda706cd7035dfaac710f076fb94ce.svg",
  "masVersion" : "1.9.17-SNAPSHOT",
  "categories" : [ "WEB_SERVICES" ],
  "created" : "2020-04-08T03:52:11",
  "supportsOAuthForActions" : false,
  "i18nLanguages" : [ "de", "en", "es", "fr", "it", "ja", "nl", "pt-BR", "zh-CN" ],
  "apps" : [ {
    "uuid" : "dca556a2-e4aa-4e1d-b811-4d50bb006d18",
    "title" : "Items",
    "numberOfEvents" : 1,
    "action" : true
  } ],
  "vaResolvers" : [ ],
  "tags" : [ {
    "tag" : "helpUrl",
    "value" : "https://docs.citrix.com/en-us/citrix-microapps/set-up-template-integrations/integrate-rss.html"
  } ]
}