{
  "type" : "DIP",
  "vendor" : "Citrix",
  "id" : "com.sapho.services.powerbi.PowerBiService",
  "version" : "0.2.0",
  "title" : "Power BI",
  "description" : "Integrate with Power BI to receive automated notifications for important reporting changes in Citrix Workspace.",
  "iconUrl" : "https://ctx-ws-cdn.cloud.com/assets/microapps/exported/ms-powerbi.394a2264d9f5fd50df5b617ca3a0a5ce.svg",
  "masVersion" : "1.30.3",
  "categories" : [ "LEGACY" ],
  "created" : "2020-10-05T10:33:54",
  "supportsOAuthForActions" : false,
  "i18nLanguages" : [ "de", "en", "es", "fr", "it", "ja", "nl", "pt-BR", "zh-CN" ],
  "apps" : [ {
    "uuid" : "49b463bf-85e0-46dd-b433-e23468eb4517",
    "title" : "Dashboards",
    "numberOfEvents" : 0,
    "action" : true
  }, {
    "uuid" : "d15ad9eb-6f5c-4fd9-b75b-cbf104ef6523",
    "title" : "Reports",
    "numberOfEvents" : 1,
    "action" : true
  } ],
  "vaResolvers" : [ ],
  "tags" : [ {
    "tag" : "helpUrl",
    "value" : "https://docs.citrix.com/en-us/citrix-microapps/set-up-template-integrations/integrate-power-bi.html"
  } ]
}