{
  "type" : "DIP",
  "vendor" : "Citrix",
  "id" : "com.sapho.services.workday.WorkdayService",
  "version" : "0.1.13",
  "title" : "Workday integration",
  "description" : "",
  "iconUrl" : "https://ctx-ws-cdn.cloud.com/assets/microapps/exported/Workday.53a6fa429a68457228ca68adf0c387e6.svg",
  "masVersion" : "1.20.4.47efbbe55374e84129832ab44fc40890217828fb",
  "categories" : [ "WEB_SERVICES" ],
  "created" : "2020-07-22T09:05:17",
  "supportsOAuthForActions" : true,
  "i18nLanguages" : [ "de", "en", "es", "fr", "it", "ja", "nl", "pt-BR", "zh-CN" ],
  "apps" : [ {
    "uuid" : "0461327f-499c-4994-9d3d-2f3adf973a69",
    "title" : "Create PTO Request",
    "numberOfEvents" : 0,
    "action" : true
  }, {
    "uuid" : "06456daf-98c7-4a64-b5bc-837bc0276c7d",
    "title" : "Create Milestone",
    "numberOfEvents" : 0,
    "action" : true
  }, {
    "uuid" : "1c3b110c-3d7c-407e-9dcb-7f263181a8c2",
    "title" : "PTO Balance",
    "numberOfEvents" : 0,
    "action" : false
  }, {
    "uuid" : "57c2a14e-60dd-4161-9a1f-2e360b686e40",
    "title" : "Expense Reports",
    "numberOfEvents" : 1,
    "action" : true
  }, {
    "uuid" : "5b724cde-21ab-46a9-8563-d1489e2b2011",
    "title" : "Milestones",
    "numberOfEvents" : 1,
    "action" : true
  }, {
    "uuid" : "7c2fe926-73ba-4bca-8d18-826251987e25",
    "title" : "Create Change Job",
    "numberOfEvents" : 0,
    "action" : true
  }, {
    "uuid" : "8bc6cf84-98bb-4d93-beed-9edd32d943cc",
    "title" : "My Expenses",
    "numberOfEvents" : 1,
    "action" : true
  }, {
    "uuid" : "b37d73b4-0384-47ed-8489-c7de964910e2",
    "title" : "PTO Requests",
    "numberOfEvents" : 1,
    "action" : true
  }, {
    "uuid" : "d74f2233-1270-4856-b03e-3c8956623682",
    "title" : "My PTO Requests",
    "numberOfEvents" : 1,
    "action" : true
  }, {
    "uuid" : "dadf2c34-a5c2-4e12-bd74-4ac5c32fca37",
    "title" : "Change Job Requests",
    "numberOfEvents" : 1,
    "action" : true
  }, {
    "uuid" : "ee4409a0-4dac-42f9-99c1-422b10061af5",
    "title" : "Create Expense Report",
    "numberOfEvents" : 0,
    "action" : true
  }, {
    "uuid" : "f4686d02-9dea-45cb-9fc1-a40a1ef728fd",
    "title" : "My Purchase Orders",
    "numberOfEvents" : 0,
    "action" : true
  } ],
  "vaResolvers" : [ {
    "name" : "Directory Details",
    "intentName" : "Directory.Details"
  }, {
    "name" : "Directory Lookup",
    "intentName" : "Directory.Lookup"
  }, {
    "name" : "Directory Question Address",
    "intentName" : "Directory.Question.Address"
  }, {
    "name" : "Directory Question Email",
    "intentName" : "Directory.Question.Email"
  }, {
    "name" : "Directory Question Location",
    "intentName" : "Directory.Question.Location"
  }, {
    "name" : "Directory Question Manager",
    "intentName" : "Directory.Question.Manager"
  }, {
    "name" : "Directory Question Phone",
    "intentName" : "Directory.Question.Phone"
  }, {
    "name" : "Directory Question Position",
    "intentName" : "Directory.Question.Position"
  } ],
  "tags" : [ {
    "tag" : "helpUrl",
    "value" : "https://docs.citrix.com/en-us/citrix-microapps/set-up-template-integrations/integrate-workday.html"
  } ]
}