{
  "type" : "HTTP",
  "vendor" : "Citrix",
  "id" : "710b47db-1319-48e3-85cc-3b663800f903",
  "title" : "Webex Meetings",
  "description" : "Deploy the Webex Meetings integration to schedule a meeting from any device or intranet.",
  "iconUrl" : "https://iws-prod-global-customicons-cdn-endpoint.azureedge.net/image/ZwCDa3H83YxLgcdqivztCfNvn9Kox7TS.png",
  "masVersion" : "1.39.0",
  "categories" : [ "PREVIEW" ],
  "created" : "2020-11-06T12:50:24",
  "supportsOAuthForActions" : true,
  "i18nLanguages" : [ "en" ],
  "apps" : [ {
    "uuid" : "aae65876-0026-4289-87ff-393a6c78884c",
    "title" : "Create Meeting",
    "numberOfEvents" : 0,
    "action" : true
  } ],
  "vaResolvers" : [ ],
  "tags" : [ {
    "tag" : "helpUrl",
    "value" : "https://docs.citrix.com/en-us/citrix-microapps/set-up-template-integrations/integrate-webex.html"
    }
 ]
}
