{
  "type" : "DIP",
  "vendor" : "Citrix",
  "id" : "com.microapp.demo.google.directory.DemoGoogleDirectoryService",
  "version" : "0.1.0",
  "title" : "Demo G Suite Directory",
  "description" : "",
  "iconUrl" : "https://ctx-ws-cdn.cloud.com/assets/microapps/exported/G-Suite.8c072bd908962e58deb2abedbc8b9cd2.svg",
  "masVersion" : "1.9.17-SNAPSHOT",
  "categories" : [ "DEMO" ],
  "created" : "2020-04-09T07:12:04",
  "supportsOAuthForActions" : false,
  "i18nLanguages" : [ "de", "en", "es", "fr", "ja", "nl", "pt-BR", "zh-CN" ],
  "apps" : [ {
    "uuid" : "78c6777c-3e90-4d82-a96e-e34127e92e3c",
    "title" : "Directory Details (Demo)",
    "numberOfEvents" : 2,
    "action" : false
  }, {
    "uuid" : "be5dcabf-3941-4f80-afc9-b907cb656d8d",
    "title" : "Directory Admin (Demo)",
    "numberOfEvents" : 0,
    "action" : true
  } ],
  "vaResolvers" : [ ],
  "tags" : [ {
    "tag" : "helpUrl",
    "value" : "https://docs.citrix.com/en-us/citrix-microapps.html"
  } ]
}