{
  "type": "DIP",
  "vendor": "Citrix",
  "id": "com.microapp.demo.spice.DemoSpiceService",
  "version": "0.1.0",
  "title": "Dev Spice",
  "description": "",
  "iconUrl": "https://ctx-ws-cdn.cloud.com/assets/microapps/exported/HTTP.b662c61cecf295906ef0af18be93b25a.svg",
  "masVersion": "1.25.4.adc2abf3b4d0316e553acb78e7116b4b0dc5742f",
  "categories": ["INTERNAL_DEVELOPMENT"],
  "created": "2020-09-03T13:43:15",
  "supportsOAuthForActions": false,
  "i18nLanguages": ["de", "en", "es", "fr", "it", "ja", "nl", "pt-BR", "zh-CN"],
  "apps": [
    {
      "uuid": "4129fbd7-afdf-4ef4-a90f-0e87e7e2c418",
      "title": "Arrakis",
      "numberOfEvents": 0,
      "action": true
    }
  ],
  "vaResolvers": [],
  "tags": [
    {
      "tag": "helpUrl",
      "value": "https://docs.citrix.com/en-us/citrix-microapps.html"
    }
  ]
}
