{
  "type" : "HTTP",
  "vendor" : "Citrix",
  "id" : "7da37e64-5472-41fc-b86d-8923dafe00e5",
  "title" : "Power BI",
  "description" : "Integrate with Power BI to track important reports and dashboards in Citrix Workspace.",
  "iconUrl" : "https://ctx-ws-cdn.cloud.com/assets/microapps/exported/ms-powerbi.394a2264d9f5fd50df5b617ca3a0a5ce.svg",
  "masVersion" : "1.39.0",
  "created" : "2020-11-09T09:58:16",
  "categories" : [ "WEB_SERVICES" ],
  "supportsOAuthForActions" : true,
  "i18nLanguages" : [ "de", "en", "es", "fr", "it", "ja", "nl", "pt-BR", "zh-CN" ],
  "apps" : [ {
    "uuid" : "9dc642fb-57e3-4af7-8308-264e0b3fe440",
    "title" : "Reports",
    "numberOfEvents" : 0,
    "action" : true
  }, {
    "uuid" : "e5b144d5-b376-41ec-93f8-de35398b5e80",
    "title" : "Dashboards",
    "numberOfEvents" : 0,
    "action" : true
  } ],
  "vaResolvers" : [ ],
  "tags" : [ {
    "tag" : "helpUrl",
    "value" : "https://docs.citrix.com/en-us/citrix-microapps/set-up-template-integrations/integrate-power-bi.html"
  } ]
}