{
  "type" : "DIP",
  "vendor" : "Citrix",
  "id" : "com.microapp.demo.servicenow.DemoServicenowService",
  "version" : "0.1.0",
  "title" : "Demo ServiceNow",
  "description" : "",
  "iconUrl" : "https://ctx-ws-cdn.cloud.com/assets/microapps/exported/ServiceNow.9a68dd66918b05acfbe29ac251e33a8d.svg",
  "masVersion" : "1.20.0-SNAPSHOT",
  "categories" : [ "DEMO" ],
  "created" : "2020-07-17T12:44:33",
  "supportsOAuthForActions" : false,
  "i18nLanguages" : [ "de", "en", "es", "fr", "ja", "nl", "pt-BR", "zh-CN" ],
  "apps" : [ {
    "uuid" : "539a8bda-ebda-4174-931a-95ea8fc1c6f8",
    "title" : "Approve (Demo)",
    "numberOfEvents" : 3,
    "action" : true
  }, {
    "uuid" : "af4cb5d9-fca6-4a55-a919-7de862cf2d0b",
    "title" : "Submit Incident (Demo)",
    "numberOfEvents" : 2,
    "action" : true
  }, {
    "uuid" : "ce3f2caa-3268-4d15-b1b7-dbe50510c082",
    "title" : "Submit Change Request (Demo)",
    "numberOfEvents" : 2,
    "action" : true
  }, {
    "uuid" : "fa4bc10f-2d84-405e-a9ad-ee71315de5a4",
    "title" : "Submit Problem (Demo)",
    "numberOfEvents" : 2,
    "action" : true
  } ],
  "vaResolvers" : [ {
    "name" : "ServiceDesk Detaills",
    "intentName" : "ServiceDesk.Details"
  }, {
    "name" : "ServiceDesk Details Change Request",
    "intentName" : "ServiceDesk.Details.ChangeRequest"
  }, {
    "name" : "ServiceDesk Details Incident",
    "intentName" : "ServiceDesk.Details.Incident"
  }, {
    "name" : "ServiceDesk Details Problem",
    "intentName" : "ServiceDesk.Details.Problem"
  }, {
    "name" : "ServiceDesk Lookup",
    "intentName" : "ServiceDesk.Lookup"
  }, {
    "name" : "ServiceDesk Lookup Change Request",
    "intentName" : "ServiceDesk.Lookup.ChangeRequest"
  }, {
    "name" : "ServiceDesk Lookup Incident",
    "intentName" : "ServiceDesk.Lookup.Incident"
  }, {
    "name" : "ServiceDesk Lookup Problem",
    "intentName" : "ServiceDesk.Lookup.Problem"
  } ],
  "tags" : [ {
    "tag" : "helpUrl",
    "value" : "https://docs.citrix.com/en-us/citrix-microapps.html"
  } ]
}