{
  "type" : "DIP",
  "vendor" : "Citrix",
  "id" : "com.microapp.demo.invoices.DemoInvoicesService",
  "version" : "0.1.0",
  "title" : "DEV Invoices",
  "description" : "",
  "iconUrl" : "https://ctx-ws-cdn.cloud.com/assets/microapps/exported/HTTP.b662c61cecf295906ef0af18be93b25a.svg",
  "masVersion" : "1.9.17-SNAPSHOT",
  "categories" : [ "INTERNAL_DEVELOPMENT" ],
  "created" : "2020-04-09T06:38:41",
  "supportsOAuthForActions" : false,
  "i18nLanguages" : [ "en" ],
  "apps" : [ {
    "uuid" : "e12dbc49-7677-4762-98a7-785c18cf80fd",
    "title" : "Invoices integration",
    "numberOfEvents" : 0,
    "action" : false
  } ],
  "vaResolvers" : [ ],
  "tags" : [ ]
}