{
  "type" : "DIP",
  "vendor" : "Citrix",
  "id" : "com.microapp.demo.salesforce.DemoSalesforceService",
  "version" : "0.1.0",
  "title" : "Demo Salesforce",
  "description" : "",
  "iconUrl" : "https://ctx-ws-cdn.cloud.com/assets/microapps/exported/Salesforce.43b28006ce57d083904eaa95297a166d.svg",
  "masVersion" : "1.20.0",
  "categories" : [ "DEMO" ],
  "created" : "2020-07-17T13:04:20",
  "supportsOAuthForActions" : false,
  "i18nLanguages" : [ "de", "en", "es", "fr", "ja", "nl", "pt-BR", "zh-CN" ],
  "apps" : [ {
    "uuid" : "67af680f-0c54-4cce-8a02-c4d464e2dd50",
    "title" : "My Opportunities (Demo)",
    "numberOfEvents" : 2,
    "action" : true
  }, {
    "uuid" : "c4f9574c-941f-433a-bff5-1d141f20589b",
    "title" : "Approvals (Demo)",
    "numberOfEvents" : 3,
    "action" : false
  } ],
  "vaResolvers" : [ ],
  "tags" : [ {
    "tag" : "helpUrl",
    "value" : "https://docs.citrix.com/en-us/citrix-microapps.html"
  } ]
}