{
  "type" : "HTTP",
  "vendor" : "Citrix",
  "id" : "aa190bbb-79e8-4281-8bc4-7d7941432e9c",
  "title" : "Zendesk HTTP",
  "description" : "Integration is based on cloud Zendesk API version 2. For more information see https://docs.citrix.com/en-us/citrix-microapps/set-up-template-integrations/integrate-zendesk.html",
  "iconUrl" : "https://ctx-ws-cdn.cloud.com/assets/microapps/exported/Zendesk.c23ddbbea04b28e5303cb5046b14aa7c.svg",
  "masVersion" : "1.16.2",
  "categories" : [ "INTERNAL_DEVELOPMENT" ],
  "created" : "2020-06-15T11:24:41",
  "supportsOAuthForActions" : true,
  "i18nLanguages" : [ "de", "en", "es", "fr", "it", "ja", "nl", "pt-BR", "zh-CN" ],
  "apps" : [ {
    "uuid" : "678caf8f-1239-4572-ba0d-985adb5992d7",
    "title" : "Tickets",
    "numberOfEvents" : 4,
    "action" : true
  }, {
    "uuid" : "af99695c-ea38-458a-9ac9-bfb628c2c835",
    "title" : "Add Ticket",
    "numberOfEvents" : 0,
    "action" : true
  } ],
  "vaResolvers" : [ ],
  "tags" : [ ]
}