{
  "type" : "DIP",
  "vendor" : "Citrix",
  "id" : "com.microapp.demo.workday.DemoWorkdayService",
  "version" : "0.1.0",
  "title" : "Demo Workday",
  "description" : "",
  "iconUrl" : "https://ctx-ws-cdn.cloud.com/assets/microapps/exported/Workday.53a6fa429a68457228ca68adf0c387e6.svg",
  "masVersion" : "1.9.17-SNAPSHOT",
  "categories" : [ "DEMO" ],
  "created" : "2020-04-09T07:12:41",
  "supportsOAuthForActions" : false,
  "i18nLanguages" : [ "de", "en", "es", "fr", "ja", "nl", "pt-BR", "zh-CN" ],
  "apps" : [ {
    "uuid" : "c4b4e924-4af9-454a-b316-0c797faba9fa",
    "title" : "Approvals (Demo)",
    "numberOfEvents" : 1,
    "action" : false
  } ],
  "vaResolvers" : [ {
    "name" : "Directory  Details",
    "intentName" : "Directory.Details"
  }, {
    "name" : "Directory Lookup",
    "intentName" : "Directory.Lookup"
  }, {
    "name" : "Directory Question Address",
    "intentName" : "Directory.Question.Address"
  }, {
    "name" : "Directory Question Email",
    "intentName" : "Directory.Question.Email"
  }, {
    "name" : "Directory Question Location",
    "intentName" : "Directory.Question.Location"
  }, {
    "name" : "Directory Question Manager",
    "intentName" : "Directory.Question.Manager"
  }, {
    "name" : "Directory Question Phone",
    "intentName" : "Directory.Question.Phone"
  }, {
    "name" : "Directory Question Position",
    "intentName" : "Directory.Question.Position"
  } ],
  "tags" : [ {
    "tag" : "helpUrl",
    "value" : "https://docs.citrix.com/en-us/citrix-microapps.html"
  } ]
}