{
  "type" : "HTTP",
  "vendor" : "Citrix",
  "id" : "3a0790fc-44a7-4a15-ae79-022c40081e51",
  "title" : "Microsoft Teams",
  "description" : "Deploy the MS Teams integration to schedule Teams Meetings, create a team from scratch or based on an existing team, add a new channel to an existing team, send a message to a specific channel and receive a notification for newly created channels.",
  "iconUrl" : "https://iws-prod-global-customicons-cdn-endpoint.azureedge.net/image/EjCzcYzFg6PmYUJxrc3OKKjluAAK0Eyg.png",
  "masVersion" : "1.43.0.0406e67f41ab4da8d30018c1ab4576ebb2efb1a0",
  "categories" : [ "PREVIEW" ],
  "created" : "2020-11-23T12:35:39",
  "supportsOAuthForActions" : true,
  "i18nLanguages" : [ "en" ],
  "apps" : [ {
    "uuid" : "05eb6200-5591-4032-8107-2ab0b7fd46e5",
    "title" : "Create Meeting",
    "numberOfEvents" : 0,
    "action" : true
  }, {
    "uuid" : "074d4983-82ff-406c-bf7e-4af33da9eda6",
    "title" : "Add Channel",
    "numberOfEvents" : 0,
    "action" : true
  }, {
    "uuid" : "9b62fdcb-424d-46f4-95ba-bb39aca7eaa7",
    "title" : "Send Message",
    "numberOfEvents" : 0,
    "action" : true
  }, {
    "uuid" : "9c15f0b8-47b0-4222-baf5-95732abd0416",
    "title" : "Create Team",
    "numberOfEvents" : 1,
    "action" : true
  } ],
  "vaResolvers" : [ ],
  "tags" : [ {
    "tag" : "helpUrl",
    "value" : "https://docs.citrix.com/en-us/citrix-microapps/set-up-template-integrations/integrate-ms-teams.html"
    }]
}