{
  "type" : "HTTP",
  "vendor" : "CitrixIntegrationZoom",
  "id" : "2ec16a1b-9423-45a6-8fd8-b0c42c916c0f",
  "title" : "Citrix Integration - Zoom",
  "description" : "Deploy the Citrix integration - Zoom to schedule meetings from anywhere and from any device or intranet.",
  "iconUrl" : "https://iws-prod-global-customicons-cdn-endpoint.azureedge.net/image/vn4hZTbYX9f646nGUtGmXyRprYX2srRM.png",
  "masVersion" : "1.34.1",
  "categories" : [ "PREVIEW" ],
  "created" : "2020-10-16T14:26:20",
  "supportsOAuthForActions" : true,
  "i18nLanguages" : [ "en" ],
  "apps" : [ {
    "uuid" : "3fb647d3-431b-46eb-9685-e3fdec252662",
    "title" : "Create Meeting",
    "numberOfEvents" : 0,
    "action" : true
  } ],
  "vaResolvers" : [ ],
  "tags" : [ {
    "tag" : "helpUrl",
    "value" : "https://docs.citrix.com/en-us/citrix-microapps/set-up-template-integrations/integrate-zoom.html"
} ]
}
