{
  "type" : "HTTP",
  "vendor" : "Citrix",
  "id" : "6012da93-c56c-4b2b-9c01-7acded3f80e7",
  "title" : "SAP Concur HTTP",
  "description" : "Only data endpoints set up (except Travel module).",
  "iconUrl" : "https://ctx-ws-cdn.cloud.com/assets/microapps/exported/Concur.7f4236c35298ebbe5598db9a66e70273.svg",
  "masVersion" : "1.20.11",
  "categories" : [ "INTERNAL_DEVELOPMENT" ],
  "created" : "2020-08-17T09:57:24",
  "supportsOAuthForActions" : true,
  "i18nLanguages" : [ "en" ],
  "apps" : [ {
    "uuid" : "764cfe34-379a-40cd-98b5-ba5efba1a7a4",
    "title" : "Blank Microapp",
    "numberOfEvents" : 0,
    "action" : false
  } ],
  "vaResolvers" : [ ],
  "tags" : [ ]
}