{
  "type" : "DIP",
  "vendor" : "Citrix",
  "id" : "com.sapho.services.workday.WorkdayService",
  "version" : "0.1.14",
  "title" : "Workday",
  "description" : "",
  "iconUrl" : "https://ctx-ws-cdn.cloud.com/assets/microapps/exported/Workday.53a6fa429a68457228ca68adf0c387e6.svg",
  "masVersion" : "1.28.7.1d7e670b50827b543cdba0eea918feec4413b0e4",
  "categories" : [ "WEB_SERVICES" ],
  "created" : "2020-09-16T09:12:59",
  "supportsOAuthForActions" : true,
  "i18nLanguages" : [ "de", "en", "es", "fr", "it", "ja", "nl", "pt-BR", "zh-CN" ],
  "apps" : [ {
    "uuid" : "03de00c2-4b91-46f5-b913-e576b80cbeb4",
    "title" : "Milestones",
    "numberOfEvents" : 1,
    "action" : true
  }, {
    "uuid" : "22de6fd8-e570-4591-8ec9-3c67abd928af",
    "title" : "PTO Requests",
    "numberOfEvents" : 1,
    "action" : true
  }, {
    "uuid" : "37e8ceaf-ce6f-4b26-82ec-0842102455d1",
    "title" : "PTO Balance",
    "numberOfEvents" : 0,
    "action" : false
  }, {
    "uuid" : "3cbb6adc-7ffd-4582-a536-ce952d240a95",
    "title" : "Change Job Requests",
    "numberOfEvents" : 1,
    "action" : true
  }, {
    "uuid" : "49ea4ccc-45e3-4f13-b465-53cf33bb109d",
    "title" : "Create Milestone",
    "numberOfEvents" : 0,
    "action" : true
  }, {
    "uuid" : "4ce55b17-ca26-4732-b697-9d69a83c1af9",
    "title" : "Create Change Job",
    "numberOfEvents" : 0,
    "action" : true
  }, {
    "uuid" : "57d010c9-fbd0-449b-83a3-18063540d29a",
    "title" : "Create PTO Request",
    "numberOfEvents" : 0,
    "action" : true
  }, {
    "uuid" : "8219f459-4f29-4d86-92a6-c1cab693ba52",
    "title" : "My Purchase Orders",
    "numberOfEvents" : 0,
    "action" : true
  }, {
    "uuid" : "85877600-3ef7-418c-9b78-8ad9b1c9b8f5",
    "title" : "Expense Reports",
    "numberOfEvents" : 1,
    "action" : true
  }, {
    "uuid" : "c70a4bd4-f2fd-4bb2-8ed9-0cb6fc472646",
    "title" : "Create Expense Report",
    "numberOfEvents" : 0,
    "action" : true
  }, {
    "uuid" : "dd614cfe-2d98-4a02-a141-87a6cadc53f5",
    "title" : "My Expenses",
    "numberOfEvents" : 1,
    "action" : true
  }, {
    "uuid" : "f98d888c-cb3e-496d-a86b-72b9e8261fa3",
    "title" : "My PTO Requests",
    "numberOfEvents" : 1,
    "action" : true
  } ],
  "vaResolvers" : [ {
    "name" : "Directory Details",
    "intentName" : "Directory.Details"
  }, {
    "name" : "Directory Lookup",
    "intentName" : "Directory.Lookup"
  }, {
    "name" : "Directory Question Address",
    "intentName" : "Directory.Question.Address"
  }, {
    "name" : "Directory Question Email",
    "intentName" : "Directory.Question.Email"
  }, {
    "name" : "Directory Question Location",
    "intentName" : "Directory.Question.Location"
  }, {
    "name" : "Directory Question Manager",
    "intentName" : "Directory.Question.Manager"
  }, {
    "name" : "Directory Question Phone",
    "intentName" : "Directory.Question.Phone"
  }, {
    "name" : "Directory Question Position",
    "intentName" : "Directory.Question.Position"
  } ],
  "tags" : [ {
    "tag" : "helpUrl",
    "value" : "https://docs.citrix.com/en-us/citrix-microapps/set-up-template-integrations/integrate-workday.html"
  } ]
}