{
  "type" : "HTTP",
  "vendor" : "Citrix",
  "id" : "b1cd22ce-9720-43d9-9c0f-33ff24455d26",
  "title" : "ServiceNow",
  "description" : "ServiceNow microapps enable notifications and workflows for ServiceNow approvals, requests, change requests, delegates, incidents, and problems",
  "iconUrl" : "https://ctx-ws-cdn.cloud.com/assets/microapps/exported/ServiceNow.9a68dd66918b05acfbe29ac251e33a8d.svg",
  "masVersion" : "1.28.11",
  "created" : "2020-09-23T09:44:49",
  "categories" : [ "WEB_SERVICES" ],
  "supportsOAuthForActions" : true,
  "i18nLanguages" : [ "de", "en", "es", "fr", "it", "ja", "nl", "pt-BR", "zh-CN" ],
  "apps" : [ {
    "uuid" : "0e42d5cb-1863-4e13-b575-42279351729f",
    "title" : "Submit Incident",
    "numberOfEvents" : 0,
    "action" : true
  }, {
    "uuid" : "104728a5-1870-4467-b263-b7e50c665457",
    "title" : "Submit Change Request",
    "numberOfEvents" : 0,
    "action" : true
  }, {
    "uuid" : "34e8699d-e7e7-4dcf-80ef-6feb9e7c5391",
    "title" : "Incidents",
    "numberOfEvents" : 7,
    "action" : true
  }, {
    "uuid" : "4269530c-d34f-4e52-b242-6df60efb281f",
    "title" : "Problems",
    "numberOfEvents" : 5,
    "action" : true
  }, {
    "uuid" : "4e2c9354-4791-4d9b-bb30-da216695206e",
    "title" : "Submit Problem",
    "numberOfEvents" : 0,
    "action" : true
  }, {
    "uuid" : "70b49194-e1a1-4a6e-b1b6-79b91b24741a",
    "title" : "Change Requests",
    "numberOfEvents" : 7,
    "action" : true
  }, {
    "uuid" : "7b86eb98-f08c-4673-870b-6e66bd3706ca",
    "title" : "Request Approval",
    "numberOfEvents" : 4,
    "action" : true
  }, {
    "uuid" : "b4d571f2-cf89-4bff-9ec2-1da9c899c236",
    "title" : "Submit Delegate",
    "numberOfEvents" : 0,
    "action" : true
  } ],
  "vaResolvers" : [ ],
  "tags" : [ {
    "tag" : "helpUrl",
    "value" : "https://docs.citrix.com/en-us/citrix-microapps/set-up-template-integrations/integrate-servicenow.html"
  } ]
}