{
  "type" : "DIP",
  "vendor" : "Citrix",
  "id" : "com.sapho.services.devtest.DevTestService",
  "version" : "0.1.1",
  "title" : "DevTest",
  "description" : "",
  "iconUrl" : "https://ctx-ws-cdn.cloud.com/assets/microapps/exported/HTTP.b662c61cecf295906ef0af18be93b25a.svg",
  "masVersion" : "1.0.0-SNAPSHOT",
  "categories" : [ "INTERNAL_DEVELOPMENT", "WEB_SERVICES" ],
  "created" : "2020-05-20T15:33:24",
  "supportsOAuthForActions" : false,
  "i18nLanguages" : [ "en" ],
  "apps" : [ {
    "uuid" : "bff64e47-21b7-4baf-a1de-64aec8af9027",
    "title" : "Orders",
    "numberOfEvents" : 0,
    "action" : true
  }, {
    "uuid" : "b735b098-5236-4dad-8d7b-61cc9a8e1f15",
    "title" : "Model Update",
    "numberOfEvents" : 0,
    "action" : true
  }, {
    "uuid" : "c6fe6ce7-b080-4f3d-9f4a-c214bf1856b8",
    "title" : "Model Update Using ID",
    "numberOfEvents" : 0,
    "action" : true
  } ],
  "vaResolvers" : [ ]
}