{
  "type" : "HTTP",
  "vendor" : "Citrix",
  "id" : "00000015-0000-0000-0000-000000000000",
  "title" : "Google Meet",
  "description" : "Deploy the Citrix Google Meet integration to schedule google meet meeting and view the meeting recordings from any device or intranet.",
  "iconUrl" : "https://iws-prod-global-customicons-cdn-endpoint.azureedge.net/image/Nk91hy9uxpvpZUzGiOkrim1lNvD9sMoF.png",
  "masVersion" : "1.42.3.d59cc96c1b0e49bc3dd60cc9afefc9d163b299c5",
  "categories" : [ "PREVIEW" ],
  "created" : "2020-11-18T15:27:46",
  "supportsOAuthForActions" : true,
  "i18nLanguages" : [ "en" ],
  "apps" : [ {
    "uuid" : "40c2648a-6bfd-4860-98f4-b95e4591338f",
    "title" : "Meeting Recordings",
    "numberOfEvents" : 0,
    "action" : true
  }, {
    "uuid" : "dfa86beb-808b-43a5-b685-c5d320ca49c5",
    "title" : "Create Meeting",
    "numberOfEvents" : 0,
    "action" : true
  } ],
  "vaResolvers" : [ ],
  "tags" : [ {
   "tag" : "helpUrl",
   "value" : "https://docs.citrix.com/en-us/citrix-microapps/set-up-template-integrations/integrate-google-meet.html"
   }
  ]
}