{
  "type" : "HTTP",
  "vendor" : "Citrix",
  "id" : "0a529a30-e463-4fb5-afc3-4dc9b9547a6e",
  "title" : "MS Dynamics CRM HTTP",
  "description" : "Integrate with Microsoft Dynamics CRM to monitor and manage leads, opportunities, or cases without requiring extra logins.",
  "iconUrl" : "https://ctx-ws-cdn.cloud.com/assets/microapps/exported/ms-dynamics.28edaa50cab25022690f675dc95e059e.svg",
  "masVersion" : "1.44.0",
  "categories" : [ "INTERNAL_DEVELOPMENT" ],
  "created" : "2020-11-23T15:45:21",
  "supportsOAuthForActions" : true,
  "i18nLanguages" : [ "de", "en", "es", "fr", "it", "ja", "nl", "pt-BR", "zh-CN" ],
  "apps" : [ {
    "uuid" : "069992ab-58e9-4086-a895-26239ca1e92a",
    "title" : "Create Case",
    "numberOfEvents" : 0,
    "action" : true
  }, {
    "uuid" : "06999597-ba72-475e-87b4-1d25847d1d0e",
    "title" : "Appointments",
    "numberOfEvents" : 2,
    "action" : true
  }, {
    "uuid" : "495b20d0-7865-4d4a-89bf-64e26442a46f",
    "title" : "Create Lead",
    "numberOfEvents" : 0,
    "action" : true
  }, {
    "uuid" : "64d51f89-b235-4b8c-8dfb-0432e4394964",
    "title" : "Create Task",
    "numberOfEvents" : 0,
    "action" : true
  }, {
    "uuid" : "887569c6-5b5c-433f-8a8a-501662518e31",
    "title" : "Opportunities",
    "numberOfEvents" : 2,
    "action" : true
  }, {
    "uuid" : "8b9a9ee7-c078-4354-94b5-67cf830ca370",
    "title" : "Leads",
    "numberOfEvents" : 2,
    "action" : true
  }, {
    "uuid" : "aa2086b1-5f6a-4f22-b2b1-ab8c003b2110",
    "title" : "Create Appointment",
    "numberOfEvents" : 0,
    "action" : true
  }, {
    "uuid" : "b01c2cfa-97ff-485f-b7ab-767fa3656fba",
    "title" : "Create Contact",
    "numberOfEvents" : 0,
    "action" : true
  }, {
    "uuid" : "b3b1981b-8a5e-4463-bad4-abfb2a0460d1",
    "title" : "Tasks",
    "numberOfEvents" : 2,
    "action" : true
  }, {
    "uuid" : "bd6f3579-30c4-4f87-bf91-4a816d3cb771",
    "title" : "Phone Calls",
    "numberOfEvents" : 2,
    "action" : true
  }, {
    "uuid" : "c1a6a573-93b2-4279-8810-c4cfcf0e0c40",
    "title" : "Accounts",
    "numberOfEvents" : 2,
    "action" : true
  }, {
    "uuid" : "de93b4b4-cc75-402f-bced-c8c3371ca6cd",
    "title" : "Create Phone Call",
    "numberOfEvents" : 0,
    "action" : true
  }, {
    "uuid" : "e9ca013e-ed87-4dac-b623-a30af5263e31",
    "title" : "Contacts",
    "numberOfEvents" : 2,
    "action" : true
  }, {
    "uuid" : "f39d2abd-e452-4168-b0ea-3789cf8be92c",
    "title" : "Create Account",
    "numberOfEvents" : 0,
    "action" : true
  }, {
    "uuid" : "f74277d9-14ae-46c0-b555-895083181ad1",
    "title" : "Cases",
    "numberOfEvents" : 2,
    "action" : true
  }, {
    "uuid" : "f8ac367f-451f-4999-9695-8996ec0198b3",
    "title" : "Create Opportunity",
    "numberOfEvents" : 0,
    "action" : true
  } ],
  "vaResolvers" : [ ],
  "tags" : [{
    "tag" : "helpUrl",
    "value" : "https://docs.citrix.com/en-us/citrix-microapps/set-up-template-integrations/integrate-ms-dynamics.html"
  }]
  }
