{
  "type" : "HTTP",
  "vendor" : "Citrix",
  "id" : "00000012-0000-0000-0000-000000000000",
  "title" : "SAP SuccessFactors EC",
  "description" : "SAP SuccessFactors Employee Central",
  "iconUrl" : "https://iws-stage-global-cdn-endpoint.azureedge.net/microapps/assets/exported/SuccessFactors.833a1da8b80b77391f222cbc6210e98c.svg",
  "masVersion" : "1.27.4",
  "created" : "2020-09-24T08:32:18",
  "categories" : [ "INTERNAL_DEVELOPMENT" ],
  "supportsOAuthForActions" : false,
  "i18nLanguages" : [ "en" ],
  "apps" : [ {
    "uuid" : "85d29cf7-07e2-40bb-9a0c-f0a3498020c6",
    "title" : "Directory_new",
    "numberOfEvents" : 0,
    "action" : true
  } ],
  "vaResolvers" : [ ],
  "tags" : [ ]
}