{
  "type" : "DIP",
  "vendor" : "Citrix",
  "id" : "com.sapho.services.concur.ConcurService",
  "version" : "0.7.7",
  "title" : "SAP Concur",
  "description" : "",
  "iconUrl" : "https://ctx-ws-cdn.cloud.com/assets/microapps/exported/Concur.7f4236c35298ebbe5598db9a66e70273.svg",
  "masVersion" : "1.38.0-SNAPSHOT",
  "categories" : [ "WEB_SERVICES" ],
  "created" : "2020-11-05T13:27:00",
  "supportsOAuthForActions" : true,
  "i18nLanguages" : [ "de", "en", "es", "fr", "it", "ja", "nl", "pt-BR", "zh-CN" ],
  "apps" : [ {
    "uuid" : "44bd538d-ed0f-48d3-8f1d-8497049a98b3",
    "title" : "Reports",
    "numberOfEvents" : 2,
    "action" : true
  }, {
    "uuid" : "589a3c7b-a542-45db-8222-57081db9b558",
    "title" : "Approvals",
    "numberOfEvents" : 3,
    "action" : true
  }, {
    "uuid" : "a3ce51a2-1ed9-49b5-8567-aa3fc898a257",
    "title" : "Expenses",
    "numberOfEvents" : 0,
    "action" : true
  }, {
    "uuid" : "de9081b6-96f4-45d8-ba77-c02ae5b94e25",
    "title" : "Itineraries",
    "numberOfEvents" : 2,
    "action" : true
  } ],
  "vaResolvers" : [ {
    "name" : "ExpenseReport Details",
    "intentName" : "ExpenseReport.Details"
  }, {
    "name" : "ExpenseReport Lookup",
    "intentName" : "ExpenseReport.Lookup"
  } ],
  "tags" : [ {
    "tag" : "helpUrl",
    "value" : "https://docs.citrix.com/en-us/citrix-microapps/set-up-template-integrations/integrate-concur.html"
  } ]
}
