{
  "type" : "HTTP",
  "vendor" : "Citrix",
  "id" : "66cf6f1a-e71d-44df-88c5-3db3e99ef7da",
  "title" : "G Suite Directory",
  "description" : "View and manage users and groups in your directory.",
  "iconUrl" : "https://ctx-ws-cdn.cloud.com/assets/microapps/exported/G-Suite.8c072bd908962e58deb2abedbc8b9cd2.svg",
  "masVersion" : "1.20.11",
  "categories" : [ "WEB_SERVICES" ],
  "created" : "2020-08-03T10:43:44",
  "supportsOAuthForActions" : true,
  "i18nLanguages" : [ "de", "en", "es", "fr", "it", "ja", "nl", "pt-BR", "zh-CN" ],
  "apps" : [ {
    "uuid" : "1f88dcf4-12ce-4c61-917c-306f4e97b808",
    "title" : "Create User",
    "numberOfEvents" : 0,
    "action" : true
  }, {
    "uuid" : "3fa32a2d-d180-425c-847f-b9f4caac1e27",
    "title" : "Users",
    "numberOfEvents" : 1,
    "action" : true
  }, {
    "uuid" : "c8e14b3f-0ab3-4b89-be6c-06ddb87d7b83",
    "title" : "Groups",
    "numberOfEvents" : 0,
    "action" : true
  }, {
    "uuid" : "d8cb3b83-bec4-4e45-b8cd-fcf6614fbde5",
    "title" : "Directory Admin",
    "numberOfEvents" : 0,
    "action" : true
  }, {
    "uuid" : "dc7dd963-5d2c-47c4-af86-be5f34b09cc6",
    "title" : "My Details",
    "numberOfEvents" : 0,
    "action" : true
  } ],
  "vaResolvers" : [ ],
  "tags" : [ {
    "tag" : "helpUrl",
    "value" : "https://docs.citrix.com/en-us/citrix-microapps/set-up-template-integrations/integrate-g-suite.html"
  } ]
}