{
  "type" : "HTTP",
  "vendor" : "Citrix",
  "id" : "ec4a9ef2-c1d9-4333-8c89-9b6d320a594f",
  "title" : "Salesforce HTTP ALFA",
  "description" : "",
  "iconUrl" : "https://ctx-ws-cdn.cloud.com/assets/microapps/exported/Salesforce.43b28006ce57d083904eaa95297a166d.svg",
  "masVersion" : "1.35.1",
  "categories" : [ "INTERNAL_DEVELOPMENT" ],
  "created" : "2020-11-09T10:51:46",
  "supportsOAuthForActions" : true,
  "i18nLanguages" : [ "de", "en", "es", "fr", "it", "ja", "nl", "pt-BR", "zh-CN" ],
  "apps" : [ {
    "uuid" : "066329cf-ff74-4a52-81d1-6e675df0c869",
    "title" : "Create Contact",
    "numberOfEvents" : 0,
    "action" : true
  }, {
    "uuid" : "08f72b26-5a81-4305-8361-29d82a7633c7",
    "title" : "Contracts",
    "numberOfEvents" : 3,
    "action" : true
  }, {
    "uuid" : "14ae5b5b-4eb9-44d9-a127-538d0a1c724d",
    "title" : "Contacts",
    "numberOfEvents" : 2,
    "action" : true
  }, {
    "uuid" : "239b0ac9-99b6-4c3d-98fc-724685cf3293",
    "title" : "Create Contract",
    "numberOfEvents" : 0,
    "action" : true
  }, {
    "uuid" : "23b06f33-9fa0-4fb3-97c4-cbf51a9e9da7",
    "title" : "Create Event",
    "numberOfEvents" : 0,
    "action" : true
  }, {
    "uuid" : "6393c378-d596-4904-80e6-fd8dacd0cb6e",
    "title" : "Opportunities",
    "numberOfEvents" : 2,
    "action" : true
  }, {
    "uuid" : "6c12e467-0c50-45c9-88f6-623860af7175",
    "title" : "Accounts",
    "numberOfEvents" : 2,
    "action" : true
  }, {
    "uuid" : "71f3df46-f46f-4d16-8041-d37a2512d008",
    "title" : "Events",
    "numberOfEvents" : 1,
    "action" : true
  }, {
    "uuid" : "7f7ea596-a72e-4370-92d1-da26cbbe9a84",
    "title" : "Create Lead",
    "numberOfEvents" : 0,
    "action" : true
  }, {
    "uuid" : "94969939-5182-45c6-9e1d-1f54ce7d320b",
    "title" : "Create Case",
    "numberOfEvents" : 0,
    "action" : true
  }, {
    "uuid" : "9605838b-d02a-4809-ae34-def35b4fcd35",
    "title" : "Tasks",
    "numberOfEvents" : 1,
    "action" : true
  }, {
    "uuid" : "a3940ebc-604f-4877-b868-e93f4821e783",
    "title" : "Create Task",
    "numberOfEvents" : 0,
    "action" : true
  }, {
    "uuid" : "a7b89149-c005-40f8-8755-4707b6048d5a",
    "title" : "Cases",
    "numberOfEvents" : 2,
    "action" : true
  }, {
    "uuid" : "c8fac4a6-e86b-45de-8b56-be096ed00bf5",
    "title" : "Create Opportunity",
    "numberOfEvents" : 0,
    "action" : true
  }, {
    "uuid" : "ce6af4b8-314c-48a5-a1d6-3cc3fd703737",
    "title" : "Create Account",
    "numberOfEvents" : 0,
    "action" : true
  }, {
    "uuid" : "ea43c3c6-47fa-4bbe-9647-636592f1a40c",
    "title" : "Leads",
    "numberOfEvents" : 2,
    "action" : true
  } ],
  "vaResolvers" : [ ],
  "tags" : [ ]
}
