{
  "type" : "HTTP",
  "vendor" : "Citrix",
  "id" : "0d3ef29e-5088-445f-855d-a5fe42523b89",
  "title" : "GoToMeeting",
  "description" : "Deploy the Citrix GoToMeeting integration to schedule GoToMeeting from any device or intranet.",
  "iconUrl" : "https://iws-prod-global-customicons-cdn-endpoint.azureedge.net/image/MXccS6cm2PdalcmXSR7Ah41qYso4sEFY.png",
  "masVersion" : "1.37.3.c05258560b15810ceb9900cb0855f9f98ee8c7be",
  "categories" : [ "PREVIEW" ],
  "created" : "2020-11-02T11:10:36",
  "supportsOAuthForActions" : true,
  "i18nLanguages" : [ "en" ],
  "apps" : [ {
    "uuid" : "22ee4231-d9f1-44d5-8a1d-1310bd79fad3",
    "title" : "Create Meeting",
    "numberOfEvents" : 0,
    "action" : true
  } ],
  "vaResolvers" : [ ],
  "tags" : [ {
    "tag" : "helpUrl",
    "value" : "https://docs.citrix.com/en-us/citrix-microapps/set-up-template-integrations/integrate-gotomeeting.html"
    }
  ]
}