{
  "type" : "HTTP",
  "vendor" : "Citrix",
  "id" : "b3b10455-02d1-4f9a-9380-3d59955640a4",
  "title" : "JIRA script dev",
  "description" : "",
  "iconUrl" : "https://sf-region.sharefilestaging.com/assets/microapps/exported/HTTP.b662c61cecf295906ef0af18be93b25a.svg",
  "masVersion" : "1.0.0-SNAPSHOT",
  "created" : "2020-11-24T11:51:02",
  "categories" : [ "INTERNAL_DEVELOPMENT" ],
  "supportsOAuthForActions" : false,
  "i18nLanguages" : ["de", "en", "es", "fr", "it", "ja", "nl", "pt-BR", "zh-CN"],
  "apps" : [ ],
  "vaResolvers" : [ ],
  "tags" : [ ],
  "scriptMetadata" : {
    "originalFileName" : "jira.js",
    "storedFileName" : "13765e58-535f-4965-a888-1f3217e70ca1.js",
    "checksum" : "4F3E7A9EB4B76C8B8E5841BFC6D75030",
    "apiVersion" : "1.0"
  }
}