{
  "type" : "DIP",
  "vendor" : "Citrix",
  "id" : "com.microapp.demo.google.calendar.DemoGoogleCalendarService",
  "version" : "0.1.0",
  "title" : "Demo G Suite Calendar",
  "description" : "",
  "iconUrl" : "https://ctx-ws-cdn.cloud.com/assets/microapps/exported/Google_Calendar.49ecbc91f9a87479ef8e2cbaab54bfb2.svg",
  "masVersion" : "1.9.17-SNAPSHOT",
  "categories" : [ "DEMO" ],
  "created" : "2020-04-09T07:11:57",
  "supportsOAuthForActions" : false,
  "i18nLanguages" : [ "de", "en", "es", "fr", "ja", "nl", "pt-BR", "zh-CN" ],
  "apps" : [ {
    "uuid" : "9e95e714-e49b-4f4c-ac0f-b0906d04cf97",
    "title" : "Calendar Events (Demo)",
    "numberOfEvents" : 1,
    "action" : true
  } ],
  "vaResolvers" : [ ],
  "tags" : [ {
    "tag" : "helpUrl",
    "value" : "https://docs.citrix.com/en-us/citrix-microapps.html"
  } ]
}