{
  "type" : "DIP",
  "vendor" : "Citrix",
  "id" : "com.microapp.demo.concur.DemoConcurService",
  "version" : "0.1.0",
  "title" : "Demo SAP Concur",
  "description" : "",
  "iconUrl" : "https://ctx-ws-cdn.cloud.com/assets/microapps/exported/Concur.7f4236c35298ebbe5598db9a66e70273.svg",
  "masVersion" : "1.9.17-SNAPSHOT",
  "categories" : [ "DEMO" ],
  "created" : "2020-04-09T07:12:26",
  "supportsOAuthForActions" : false,
  "i18nLanguages" : [ "de", "en", "es", "fr", "ja", "nl", "pt-BR", "zh-CN" ],
  "apps" : [ {
    "uuid" : "4c363835-7e4e-4c76-aad6-d272d5f32fb1",
    "title" : "Approvals (Demo)",
    "numberOfEvents" : 3,
    "action" : false
  }, {
    "uuid" : "d4ca460c-03af-4b32-9f6c-fb600ee3cd63",
    "title" : "Submit Quick Expense (Demo)",
    "numberOfEvents" : 1,
    "action" : true
  } ],
  "vaResolvers" : [ ],
  "tags" : [ {
    "tag" : "helpUrl",
    "value" : "https://docs.citrix.com/en-us/citrix-microapps.html"
  } ]
}