{
  "type" : "HTTP",
  "vendor" : "Citrix",
  "id" : "22d77862-36a0-465d-a94b-7b63e4c20b05",
  "title" : "Citrix Cloud Status",
  "description" : "Integrate with Citrix Cloud Status to get updates on Incidents and Maintenance schedules, which may impact some of the Citrix services.",
  "iconUrl" : "https://iws-prod-global-customicons-cdn-endpoint.azureedge.net/image/loByVBOMR7lLZXk3FJmysbw660TyhSpL.png",
  "masVersion" : "1.41.5",
  "created" : "2020-11-18T06:20:50",
  "categories" : [ "WEB_SERVICES" ],
  "supportsOAuthForActions" : false,
  "i18nLanguages" : [ "en" ],
  "apps" : [ {
    "uuid" : "316fe0cf-d5d6-42da-a360-2ca0de7f1c93",
    "title" : "Service Status",
    "numberOfEvents" : 2,
    "action" : true
  }, {
    "uuid" : "5e3a0877-411c-4b20-b5e7-b74c1cf0ba62",
    "title" : "Incident",
    "numberOfEvents" : 2,
    "action" : true
  }, {
    "uuid" : "633ac441-7bb5-47bc-bdb5-76a3a7fb6bdd",
    "title" : "Service Calendar",
    "numberOfEvents" : 0,
    "action" : true
  }, {
    "uuid" : "66c08c83-6959-41fa-b6fb-be9485f45c13",
    "title" : "Maintenance",
    "numberOfEvents" : 3,
    "action" : true
  } ],
  "vaResolvers" : [ ],
  "tags" : [{
    "tag" : "helpUrl",
    "value" : "https://docs.citrix.com/en-us/citrix-microapps/set-up-template-integrations/citrix-cloud-status.html"
  }]
}
