{
  "type" : "DIP",
  "vendor" : "Citrix",
  "id" : "com.sapho.services.ariba.AribaService",
  "version" : "0.1.7",
  "title" : "SAP Ariba",
  "description" : "",
  "iconUrl" : "https://ctx-ws-cdn.cloud.com/assets/microapps/exported/Ariba.51e0c216c1507cb16edb31bc47030a9e.svg",
  "masVersion" : "1.9.17-SNAPSHOT",
  "categories" : [ "WEB_SERVICES" ],
  "created" : "2020-04-09T07:07:28",
  "supportsOAuthForActions" : false,
  "i18nLanguages" : [ "de", "en", "es", "fr", "it", "ja", "nl", "pt-BR", "zh-CN" ],
  "apps" : [ {
    "uuid" : "db1732a5-139f-4ab0-a1fe-33ca2c386576",
    "title" : "Requisition Approval",
    "numberOfEvents" : 4,
    "action" : true
  } ],
  "vaResolvers" : [ ],
  "tags" : [ {
    "tag" : "helpUrl",
    "value" : "https://docs.citrix.com/en-us/citrix-microapps/set-up-template-integrations/integrate-ariba.html"
  } ]
}