{
  "type" : "HTTP",
  "vendor" : "Citrix",
  "id" : "00000014-0000-0000-0000-000000000000",
  "title" : "SAP Ariba HTTP",
  "description" : "SAP Ariba",
  "iconUrl" : "https://ctx-ws-cdn.cloud.com/assets/microapps/exported/Ariba.51e0c216c1507cb16edb31bc47030a9e.svg",
  "masVersion" : "1.30.3",
  "categories" : [ "INTERNAL_DEVELOPMENT" ],
  "created" : "2020-10-08T08:13:43",
  "supportsOAuthForActions" : false,
  "i18nLanguages" : [ "en" ],
  "apps" : [ {
    "uuid" : "41bc0614-bfe5-420b-9002-caf3fc89b84d",
    "title" : "Requisition Approval",
    "numberOfEvents" : 2,
    "action" : true
  } ],
  "vaResolvers" : [ ],
  "tags" : [ ]
}