{
  "type" : "HTTP",
  "vendor" : "Citrix",
  "id" : "5b68dfff-fd97-4593-aaf7-ecafd9b56b23",
  "title" : "JIRA HTTP",
  "description" : "Integrate with Jira to track issues and get automated updates about tasks on any device, intranet, or messenger.",
  "iconUrl" : "https://ctx-ws-cdn.cloud.com/assets/microapps/exported/JIRA.35cdd2008e8e83479745e5635da3d7f1.svg",
  "masVersion" : "1.41.1.796212e267abc6538324f3dc2e6aa1ee4fcf2913",
  "categories" : [ "INTERNAL_DEVELOPMENT" ],
  "created" : "2020-11-13T13:42:08",
  "supportsOAuthForActions" : true,
  "i18nLanguages" : [ "de", "en", "es", "fr", "it", "ja", "nl", "pt-BR", "zh-CN" ],
  "apps" : [ {
    "uuid" : "4638e4f3-16e1-49a6-8784-07dd049a630f",
    "title" : "Create Ticket",
    "numberOfEvents" : 0,
    "action" : true
  }, {
    "uuid" : "d6b4c315-7253-47d5-b27e-6a4abacb5785",
    "title" : "Tickets",
    "numberOfEvents" : 11,
    "action" : true
  }, {
    "uuid" : "fa16e91b-f98c-452f-a75d-88c8f49e25d6",
    "title" : "Create Epic",
    "numberOfEvents" : 0,
    "action" : true
  } ],
  "vaResolvers" : [ ],
  "tags" : [{
    "tag" : "helpUrl",
    "value" : "https://docs.citrix.com/en-us/citrix-microapps/set-up-template-integrations/integrate-jira.html"
  }]
}