{
  "type" : "DIP",
  "vendor" : "Citrix",
  "id" : "com.sapho.services.googlecalendar.GoogleCalendarService",
  "version" : "0.1.3",
  "title" : "G Suite Calendar",
  "description" : "Integrate with G-Suite Calendar to manage calendar events.",
  "iconUrl" : "https://ctx-ws-cdn.cloud.com/assets/microapps/exported/Google_Calendar.49ecbc91f9a87479ef8e2cbaab54bfb2.svg",
  "masVersion" : "1.29.5",
  "categories" : [ "WEB_SERVICES" ],
  "created" : "2020-09-30T12:36:57",
  "supportsOAuthForActions" : true,
  "i18nLanguages" : [ "de", "en", "es", "fr", "it", "ja", "nl", "pt-BR", "zh-CN" ],
  "apps" : [ {
    "uuid" : "178cb2c8-daa9-4637-8444-d4849ed91af2",
    "title" : "Events",
    "numberOfEvents" : 1,
    "action" : true
  }, {
    "uuid" : "64dff3a8-aafe-4dfb-b9bc-f4aa5fce6327",
    "title" : "Create Event",
    "numberOfEvents" : 0,
    "action" : true
  } ],
  "vaResolvers" : [ ],
  "tags" : [ {
    "tag" : "helpUrl",
    "value" : "https://docs.citrix.com/en-us/citrix-microapps/set-up-template-integrations/integrate-g-suite.html"
  } ]
}
