{
  "type" : "DIP",
  "vendor" : "Citrix",
  "id" : "com.microapp.demo.jira.DemoJiraService",
  "version" : "0.1.0",
  "title" : "Demo Jira",
  "description" : "",
  "iconUrl" : "https://ctx-ws-cdn.cloud.com/assets/microapps/exported/JIRA.35cdd2008e8e83479745e5635da3d7f1.svg",
  "masVersion" : "1.20.0-SNAPSHOT",
  "categories" : [ "DEMO" ],
  "created" : "2020-07-17T12:26:45",
  "supportsOAuthForActions" : false,
  "i18nLanguages" : [ "de", "en", "es", "fr", "ja", "nl", "pt-BR", "zh-CN" ],
  "apps" : [ {
    "uuid" : "8530d3c5-c263-4fb9-856e-77820534885c",
    "title" : "Create Ticket (Demo)",
    "numberOfEvents" : 0,
    "action" : true
  }, {
    "uuid" : "f220f18b-ae87-42aa-a83b-cc5596c6570a",
    "title" : "My Tickets (Demo)",
    "numberOfEvents" : 2,
    "action" : true
  } ],
  "vaResolvers" : [ ],
  "tags" : [ {
    "tag" : "helpUrl",
    "value" : "https://docs.citrix.com/en-us/citrix-microapps.html"
  } ]
}