{
  "type" : "DIP",
  "vendor" : "Citrix",
  "id" : "com.sapho.services.googleforwork.GoogleForWorkService",
  "version" : "0.6.0",
  "title" : "G Suite Directory",
  "description" : "",
  "iconUrl" : "https://ctx-ws-cdn.cloud.com/assets/microapps/exported/G-Suite.8c072bd908962e58deb2abedbc8b9cd2.svg",
  "masVersion" : "1.9.17-SNAPSHOT",
  "categories" : [ "IDENTITY_PROVIDERS", "LEGACY" ],
  "created" : "2020-04-09T06:37:46",
  "supportsOAuthForActions" : false,
  "i18nLanguages" : [ "de", "en", "es", "fr", "it", "ja", "nl", "pt-BR", "zh-CN" ],
  "apps" : [ {
    "uuid" : "7317005c-a500-4731-8c77-c3a7549c036d",
    "title" : "Directory Admin",
    "numberOfEvents" : 0,
    "action" : true
  }, {
    "uuid" : "e56b26cc-146a-45e6-b4ad-099576e0d466",
    "title" : "My Details",
    "numberOfEvents" : 0,
    "action" : true
  }, {
    "uuid" : "cfd92f1d-5563-437f-8274-3ece8760c7ab",
    "title" : "Users",
    "numberOfEvents" : 2,
    "action" : true
  }, {
    "uuid" : "c5a3d9e4-78e3-4945-8358-44db45b3feae",
    "title" : "Groups",
    "numberOfEvents" : 0,
    "action" : true
  }, {
    "uuid" : "9aaaca71-742a-4d64-b15e-9a87b78479cd",
    "title" : "Create User",
    "numberOfEvents" : 0,
    "action" : true
  } ],
  "vaResolvers" : [ ],
  "tags" : [ {
    "tag" : "helpUrl",
    "value" : "https://docs.citrix.com/en-us/citrix-microapps/set-up-template-integrations/integrate-g-suite.html"
  } ]
}
